ID,Name,Concepticon_ID,Concepticon_Gloss
Friday,Friday,1692,FRIDAY
I,I,1209,I
Monday,Monday,1697,MONDAY
Saturday,Saturday,1700,SATURDAY
Sunday,Sunday,1699,SUNDAY
Thursday,Thursday,1693,THURSDAY
Tuesday,Tuesday,1695,TUESDAY
Wednesday,Wednesday,1694,WEDNESDAY
accountreckoning,"account, reckoning",1081,BILL
accuse,accuse,1814,ACCUSE
acidsour,"acid, sour",1906,SOUR
acorn,acorn,968,ACORN
acquit,acquit,988,ACQUIT
admitconfess,"admit, confess",2022,ADMIT
adobe,adobe,901,ADOBE
adultery,adultery,902,ADULTERY
adze,adze,290,ADZE
after,after,1685,AFTER
afternoon,afternoon,1807,AFTERNOON
again,again,204,AGAIN
age,age,1789,AGE
air,air,27,AIR
aloneonly,"alone, only",1580,ONLY
always,always,1676,ALWAYS
ambush,ambush,65,AMBUSH
ancestors,ancestors,1669,ANCESTORS
anchor,anchor,1870,ANCHOR
and,and,1577,AND
anger,anger,82,ANGER
animal,animal,619,ANIMAL
ankle,ankle,803,ANKLE
announce,announce,9,ANNOUNCE
answer,answer,1275,ANSWER
ant,ant,587,ANT
anvil,anvil,1648,ANVIL
anxietyworry,"anxiety, worry",1000,ANXIETY
approach,approach,1778,APPROACH
arch,arch,876,ARCH
arm,arm,1673,ARM
armordefensive,armor (defensive),1061,ARMOUR
armpit,armpit,1886,ARMPIT
army,army,1561,ARMY
arrow,arrow,977,ARROW
arson,arson,1889,ARSON
ashes,ashes,646,ASH
askquestioninquire,"ask (question, inquire)",1309,ASK (INQUIRE)
askrequest,"ask, request",1828,ASK (REQUEST)
assdonkey,"ass, donkey",1862,DONKEY
attack,attack,722,ATTACK
aunt,aunt,1272,AUNT
autumn,autumn,1276,AUTUMN
avariciousstingy,"avaricious, stingy",1774,STINGY
awl,awl,278,AWL
ax,ax,677,AXE
axle,axle,1769,AXLE
back,back,1291,BACK
bad,bad,1292,BAD
bait,bait,2013,BAIT
bake,bake,183,BAKE
bald,bald,1125,BALD
bamboo,bamboo,1927,BAMBOO
bananatree,banana tree,868,BANANA
banyan,banyan,346,BANYAN
bark,bark,1204,BARK
barley,barley,932,BARLEY
basket,basket,1539,BASKET
bat,bat,1793,BAT
bathe,bathe,138,BATHE
battleax,battle-ax,386,BATTLE-AXE
bead,bead,1860,BEAD
beak,beak,73,BEAK
beam,beam,1132,BEAM
bean,bean,832,BEAN
bear,bear,1820,BEAR
beard,beard,678,BEARD
beautiful,beautiful,1427,BEAUTIFUL
because,because,1157,BECAUSE
bed,bed,1663,BED
bee,bee,665,BEE
beech,beech,1950,BEECH
beehive,beehive,88,BEEHIVE
beer,beer,1639,BEER
beeswax,beeswax,1931,BEESWAX
before,before,1882,BEFORE
begetoffather,beget (of father),1152,BEGET
beggar,beggar,1934,BEGGAR
beginbeginning,"begin, beginning",1806,BEGIN
believe,believe,1890,BELIEVE
beltgirdle,"belt, girdle",772,BELT
bend,bend,2004,BEND
beside,beside,1816,BESIDE
betray,betray,1902,BETRAY
beveragedrink,"beverage, drink",731,BEVERAGE
birch,birch,1855,BIRCH
bird,bird,937,BIRD
bite,bite,1403,BITE
bitter,bitter,887,BITTER
black,black,163,BLACK
blame,blame,381,BLAME
blanket,blanket,806,BLANKET
blind,blind,1653,BLIND
blink,blink,1655,BLINK
blister,blister,1584,BLISTER
blood,blood,946,BLOOD
blow,blow,175,BLOW (OF WIND)
blue,blue,837,BLUE
bluntdull,"blunt, dull",379,BLUNT
boar,boar,1348,BOAR (MALE PIG)
board,board,1227,BOARD
boast,boast,101,BOAST
boat,boat,1844,BOAT
body,body,1480,BODY
bodyhair,body hair,189,HAIR (BODY)
boilnoun,boil (noun),793,BOIL (OF SKIN)
boilvb,boil (vb),792,BOIL (OF LIQUID)
bone,bone,1394,BONE
book,book,963,BOOK
boot,boot,585,BOOT
bootyspoils,"booty, spoils",1022,BOOTY
bore,bore,1501,BORE
borntobe,born (to be),1090,BE BORN
borrow,borrow,1823,BORROW
bottom,bottom,690,BOTTOM
boundary,boundary,1010,BOUNDARY
bow,bow,994,BOW
bowl,bowl,1530,BOWL
boy,boy,1366,BOY
bracelet,bracelet,1754,BRACELET
brackish,brackish,70,BRACKISH
braid,braid,333,PLAIT
brain,brain,1583,BRAIN
branch,branch,1531,BRANCH
brave,brave,3,BRAVE
bread,bread,1368,BREAD
break,break,680,BREAK (DESTROY OR GET DESTROYED)
breakwind,break wind,1159,FART
breakfast,breakfast,1322,BREAKFAST
breastofwoman,breast (of woman),1402,BREAST
breathebreath,"breathe, breath",1407,BREATHE
brick,brick,1006,BRICK
bridge,bridge,1011,BRIDGE
bright,bright,679,BRIGHT
bring,bring,692,BRING
broken,broken,588,BROKEN
broom,broom,245,BROOM
brother,brother,1262,BROTHER
bruise,bruise,1148,BRUISE
brush,brush,1821,BRUSH
build,build,1840,BUILD
bull,bull,1008,BULL
bunch,bunch,1966,BUNCH
burnvbintrans,burn (vb intrans),1428,BURNING
burnvbtrans,burn (vb trans),141,BURN (SOMETHING)
burythedead,bury (the dead),1719,BURY
butter,butter,1245,BUTTER
butterfly,butterfly,1791,BUTTERFLY
buttocks,buttocks,834,BUTTOCKS
button,button,757,BUTTON
buy,buy,1869,BUY
calf,calf,1989,CALF
calfofleg,calf of leg,498,CALF OF LEG
callname,call (=name),180,CALL BY NAME
callsummon,call (=summon),1084,CALL
calmofsea,calm (of sea),258,CALM
camel,camel,1871,CAMEL
candle,candle,1273,CANDLE
canoe,canoe,1970,CANOE
captiveprisoner,"captive, prisoner",1072,PRISONER
carpenter,carpenter,1042,CARPENTER
carriagewagoncart,"carriage, wagon, cart",122,CART
carrybear,carry (bear),700,CARRY
carryinhand,carry-in-hand,412,CARRY IN HAND
carryonhead,carry-on-head,414,CARRY ON HEAD
carryonshoulder,carry-on-shoulder,413,CARRY ON SHOULDER
carryunderarm,carry-underarm,415,CARRY UNDER ARM
carve,carve,228,CARVE
castmetals,cast (metals),211,CAST
cat,cat,1208,CAT
catchball,catch (ball),702,CATCH
cattlebovine,cattle (bovine),1153,CATTLE
cause,cause,860,CAUSE
cave,cave,1155,CAVE
ceasestop,"cease, stop",1928,CEASE
centipede,centipede,1974,CENTIPEDE
chain,chain,1627,CHAIN
chair,chair,1476,CHAIR
change,change,1264,CHANGE
charcoal,charcoal,1188,CHARCOAL
cheap,cheap,1887,CHEAP
cheek,cheek,1730,CHEEK
cheese,cheese,1569,CHEESE
chest,chest,1592,CHEST
chew,chew,321,CHEW
chicken,chicken,1318,CHICKEN
chiefchieftain,"chief, chieftain",301,CHIEFTAIN
child,child,1304,CHILD (YOUNG HUMAN)
chilipepper,chili pepper,919,CHILI PEPPER
chimney,chimney,1305,CHIMNEY
chin,chin,1510,CHIN
chisel,chisel,1979,CHISEL
choke,choke,129,CHOKE
choose,choose,1750,CHOOSE
chophew,"chop, hew",155,CHOP
circle,circle,1467,CIRCLE
citizensubject,"citizen, subject",1032,CITIZEN
citrusfruit,citrus fruit,1126,CITRUS FRUIT
citytown,"city, town",1391,TOWN
claw,claw,72,CLAW
clay,clay,1399,CLAY
clean,clean,704,CLEAN
clearplain,"clear, plain",989,CLEAR
clever,clever,1310,CLEVER
cliffprecipice,"cliff, precipice",618,PRECIPICE
climb,climb,1102,CLIMB
cloak,cloak,326,CLOAK
clocktimepiece,"clock, timepiece",1323,CLOCK
cloth,cloth,1616,CLOTH
clothingclothes,"clothing, clothes",1895,CLOTHES
cloud,cloud,1489,CLOUD
club,club,1763,CLUB
coat,coat,603,COAT
cockrooster,"cock, rooster",1511,ROOSTER
cockroach,cockroach,1575,COCKROACH
coconut,coconut,970,COCONUT
coin,coin,1867,COIN
cold,cold,1287,COLD
coldcatarrh,cold (catarrh),102,COMMON COLD (DISEASE)
collar,collar,2012,COLLAR
collarbone,collarbone,1994,COLLARBONE
collectgather,"collect, gather",7,GATHER
color,color,1613,COLOR
comb,comb,1475,COMB
come,come,1446,COME
comeback,come back,581,COME BACK
commandorder,"command, order",1128,ORDER
conceive,conceive,1087,CONCEIVE
condemn,condemn,484,CONDEMN
conspiracyplot,"conspiracy, plot",2024,PLOT
convictvb,convict (vb),983,CONVICT
cook,cook,1100,COOK (SOMETHING)
cooked,cooked,269,COOKED
cookhouse,cookhouse,334,COOKHOUSE
copperbronze,"copper, bronze",1825,COPPER
corner,corner,192,CORNER
corpse,corpse,767,CORPSE
cotton,cotton,1850,COTTON
cough,cough,879,COUGH
count,count,1420,COUNT
country,country,1300,COUNTRY
court,court,1068,COURT
cousin,cousin,1643,COUSIN
cover,cover,761,COVER
cow,cow,1007,COW
creepcrawl,"creep, crawl",96,CRAWL
crocodilealligator,"crocodile, alligator",1857,CROCODILE
crooked,crooked,297,CROOKED
cropharvest,"crop, harvest",611,HARVEST
cross,cross,1367,CROSS
crouch,crouch,296,CROUCH
crow,crow,913,CROW
crushgrind,"crush, grind",1033,GRIND
cryweep,"cry, weep",1839,CRY
cultivatetill,"cultivate, till",1541,CULTIVATE
cupdrinkingvessel,"cup, drinking vessel",476,CUP
cureheal,"cure, heal",499,CURE
custom,custom,1747,CUSTOM
cut,cut,1432,CUT
cutdown,cut down,355,CUT DOWN
dance,dance,1879,DANCE
dandruff,dandruff,576,DANDRUFF
danger,danger,1810,DANGER
dare,dare,1779,DARE
darkincolor,dark (in color),706,DARK
darkness,darkness,11,DARKNESS
daughter,daughter,1357,DAUGHTER
daughterinlawofaman,daughter-in-law (of a man),2265,DAUGHTER-IN-LAW (OF MAN)
daughterinlawofawoman,daughter-in-law (of a woman),2264,DAUGHTER-IN-LAW (OF WOMAN)
dawn,dawn,729,DAWN
day,day,1225,DAY (NOT NIGHT)
dayaftertomorrow,day-after-tomorrow,1179,DAY AFTER TOMORROW
daybeforeyesterday,day-before-yesterday,1180,DAY BEFORE YESTERDAY
deaf,deaf,996,DEAF
dearcostlyexpensive,"dear (costly, expensive)",1426,EXPENSIVE
debt,debt,1914,DEBT
deceit,deceit,13,DECEIT
deep,deep,1593,DEEP
deer,deer,1936,DEER
defeat,defeat,782,DEFEAT
defecate,defecate,676,SHIT (DEFECATE)
defend,defend,1330,DEFEND
defendant,defendant,1034,DEFENDANT
deny,deny,755,DENY
descendants,descendants,490,DESCENDANTS
desirewant,"desire, want",1784,WANT
destroy,destroy,681,DESTROY
dew,dew,1977,DEW
diedead,"die, dead",1494,DIE
difficult,difficult,584,DIFFICULT
dig,dig,1418,DIG
dinner,dinner,1833,DINNER (SUPPER)
dirtysoiled,"dirty, soiled",1230,DIRTY
disappear,disappear,485,DISAPPEAR
dish,dish,481,DISH
ditch,ditch,2002,DITCH
dive,dive,119,DIVE
divide,divide,1119,DIVIDE
divorce,divorce,1134,DIVORCE
domake,"do, make",2575,DO OR MAKE
dog,dog,2009,DOG
doorgate,"door, gate",1567,DOOR
doorpostjamb,"doorpost, jamb",80,DOORPOST
doubt,doubt,1308,DOUBT
dough,dough,273,DOUGH
dove,dove,1853,DOVE
downbelow,"down, below",2094,DOWN OR BELOW
dream,dream,1920,DREAM (SOMETHING)
dribble,dribble,268,DRIBBLE
drink,drink,1401,DRINK
drip,drip,2253,DRIP (EMIT LIQUID)
drive,drive,741,DRIVE
dropvb,drop (vb),808,DRIP (FALL IN GLOBULES)
drowned,drowned,1904,DROWN
drum,drum,908,DRUM
dry,dry,1398,DRY
duck,duck,1360,DUCK
dust,dust,2,DUST
dwelllive,"dwell, live",363,"DWELL (LIVE, RESIDE)"
dye,dye,157,DYE
eagle,eagle,1905,EAGLE
ear,ear,1247,EAR
earlobe,earlobe,18,EARLOBE
early,early,672,EARLY
earn,earn,733,EARN
earring,earring,770,EARRING
earthland,"earth, land",626,LAND
earthgroundsoil,"earth=ground, soil",1228,EARTH (SOIL)
earthquake,earthquake,6,EARTHQUAKE
earwax,earwax,32,EARWAX
east,east,1877,EAST
easy,easy,686,EASY
eat,eat,1336,EAT
edge,edge,863,EDGE
egg,egg,744,EGG
eggyolk,egg yolk,1556,YOLK
eight,eight,1705,EIGHT
elbow,elbow,981,ELBOW
elephant,elephant,1290,ELEPHANT
eleven,eleven,1706,ELEVEN
embers,embers,67,EMBERS
embrace,embrace,928,EMBRACE
empty,empty,1624,EMPTY
end,end,742,END (OF SPACE)
endtemporal,end (temporal),743,END (OF TIME)
enemy,enemy,1358,ENEMY
enough,enough,1881,ENOUGH
enter,enter,749,ENTER
envyjealousy,"envy, jealousy",40,ENVY
evening,evening,1629,EVENING
everyall,"every, all",98,ALL
ewe,ewe,1345,EWE
explain,explain,1626,EXPLAIN
extinguish,extinguish,127,EXTINGUISH
eye,eye,1248,EYE
eyebrow,eyebrow,1173,EYEBROW
eyelash,eyelash,1540,EYELASH
eyelid,eyelid,17,EYELID
face,face,1560,FACE
faithful,faithful,100,FAITHFUL
fall,fall,1280,FALL
family,family,194,FAMILY
famine,famine,199,FAMINE
fannoun,fan (noun),1971,FAN (OBJECT)
fanvb,fan (vb),360,FAN ACTION
faradv,far (adv),1406,FAR
farmer,farmer,979,FARMER
father,father,1217,FATHER
fathersbrother,father's brother,1985,PATERNAL UNCLE (FATHER'S BROTHER)
fatherssister,father's sister,170,FATHER'S SISTER
fatherinlawofaman,father-in-law (of a man),2255,FATHER-IN-LAW (OF MAN)
fatherinlawofawoman,father-in-law (of a woman),2254,FATHER-IN-LAW (OF WOMAN)
fault,fault,134,FAULT
fearfright,"fear, fright",781,FEAR (FRIGHT)
feather,feather,1201,FEATHER
feel,feel,1079,FEEL
felt,felt,325,FELT
female,female,1551,FEMALE
femaleadj,female (adj),2262,FEMALE (OF ANIMAL)
fence,fence,1690,FENCE
fermenteddrink,fermented drink,404,ALCOHOL (FERMENTED DRINK)
fever,fever,1534,FEVER
fieldforcultivation,field (for cultivation),212,FIELD
fifteen,fifteen,1709,FIFTEEN
fig,fig,322,FIG
fightvb,fight (vb),1423,FIGHT
findorsal,fin (dorsal),213,FIN
find,find,719,FIND
fine,fine,218,FINE (PENALTY)
finger,finger,1303,FINGER
fingernail,fingernail,1258,FINGERNAIL
finish,finish,1766,FINISH
fir,fir,1915,FIR
fire,fire,221,FIRE
firefly,firefly,206,FIREFLY
fireplace,fireplace,185,FIREPLACE
firewood,firewood,10,FIREWOOD
first,first,728,FIRST
fish,fish,227,FISH
fishpoisonroot,fish poison (root),348,FISH POISON
fishtrap,fish trap,389,FISH TRAP
fisherman,fisherman,1858,FISHERMAN
fishhook,fishhook,1074,FISHHOOK
fishingline,fishing line,19,FISHING LINE
fishnet,fishnet,388,FISHNET
fishscale,fishscale,266,SCALE
five,five,493,FIVE
flamenoun,flame (noun),889,FLAME
flat,flat,1633,FLAT
flayskin,"flay, skin",291,PULL OFF (SKIN)
flea,flea,232,FLEA
flee,flee,956,FLEE
flesh,flesh,2259,FLESH
float,float,1574,FLOAT
floor,floor,1632,FLOOR
flow,flow,2003,FLOW
flower,flower,239,FLOWER
flute,flute,777,FLUTE
fly,fly,1504,FLY (INSECT)
flyvb,fly (vb),1441,FLY (MOVE THROUGH AIR)
foalcolt,"foal, colt",1647,FOAL
foam,foam,1768,FOAM
fog,fog,249,FOG
fold,fold,1470,FOLD
follow,follow,1085,FOLLOW
food,food,256,FOOD
foolishstupid,"foolish, stupid",1518,STUPID
foot,foot,1301,FOOT
footprint,footprint,318,FOOTPRINT
forbid,forbid,83,FORBID
forehead,forehead,123,FOREHEAD
forge,forge,288,FORGE
forget,forget,1523,FORGET
forgive,forgive,1528,FORGIVE
fork,fork,337,PITCHFORK
forkedbranch,forked branch,409,FORKED BRANCH
fortress,fortress,1938,FORTRESS
four,four,1500,FOUR
fowl,fowl,265,FOWL
fox,fox,1312,FOX
fragrantgoodsmelling,"fragrant, good smelling",376,FRAGRANT
freeman,freeman,384,FREEMAN
freshwatereel,freshwater eel,1013,FRESHWATER EEL
friendcompanion,"friend, companion",1325,FRIEND
frog,frog,503,FROG
fruit,fruit,1507,FRUIT
full,full,1429,FULL
fur,fur,580,FUR
furrow,furrow,1794,FURROW
garden,garden,586,GARDEN
gardenhouse,garden-house,403,GARDEN-HOUSE
getobtain,"get, obtain",694,GET
gill,gill,1916,GILL
girl,girl,1646,GIRL
give,give,1447,GIVE
giveback,give back,85,GIVE BACK
glass,glass,604,GLASS
glove,glove,867,GLOVE
glue,glue,1069,GLUE
go,go,695,GO
goawaydepart,"go away, depart",1752,LEAVE
godown,go down,2014,GO DOWN (DESCEND)
goout,go out,1107,GO OUT
goup,go up,705,GO UP (ASCEND)
goat,goat,1502,GOAT
goiter,goiter,1957,GOITER
gold,gold,1369,GOLD
good,good,1035,GOOD
goodfortuneluck,"good fortune, luck",720,GOOD LUCK
goose,goose,1187,GOOSE
gourd,gourd,411,GOURD
grainbarleyoatsetc,"grain (barley, oats etc)",605,GRAIN
granddaughter,granddaughter,1619,GRANDDAUGHTER
grandfather,grandfather,1383,GRANDFATHER
grandmother,grandmother,1496,GRANDMOTHER
grandson,grandson,1618,GRANDSON
grape,grape,920,GRAPE
grass,grass,606,GRASS
grassskirt,grass-skirt,328,GRASS-SKIRT
grasshopper,grasshopper,607,GRASSHOPPER
gravetomb,"grave, tomb",1773,GRAVE
greasefat,"grease, fat",323,FAT (ORGANIC SUBSTANCE)
greedy,greedy,2018,GREEDY
green,green,1425,GREEN
greenunripe,"green, unripe",1958,UNRIPE
griefsorrowsadness,"grief, sorrow, sadness",1668,GRIEF
groan,groan,716,GROAN
grow,grow,479,GROW
guardsentinel,"guard, sentinel",1940,GUARD
guess,guess,1932,GUESS
guest,guest,1782,GUEST
guilty,guilty,1682,GUILTY
gulfbay,"gulf, bay",663,BAY
gums,gums,139,GUMS
guncannon,"gun, cannon",1566,GUN
hairhead,hair (head),2648,HAIR (HEAD)
half,half,816,HALF
hammer,hammer,1481,HAMMER
hand,hand,1277,HAND
handkerchiefrag,"handkerchief, rag",332,RAG
hangup,hang up,357,HANG UP
harborport,"harbor, port",610,PORT
hard,hard,1884,HARD
harminjuredamage,"harm, injure, damage",44,INJURE
hastenhurry,"hasten, hurry",754,HURRY
hatcap,"hat, cap",2130,HEADGEAR
hate,hate,1607,HATE
have,have,773,HAVE
havesexualintercourse,have sexual intercourse,1785,HAVE SEX
hawk,hawk,307,HAWK
hay,hay,342,HAY
hegoat,he-goat,264,HE-GOAT
hesheit,he/she/it,262,HE OR SHE OR IT
head,head,1256,HEAD
headbandheaddress,"headband, headdress",330,HEADBAND
headlandpoint,"headland, point",1662,CAPE
hear,hear,1408,HEAR
heart,heart,1223,HEART
heavy,heavy,1210,HEAVY
heel,heel,980,HEEL
helmet,helmet,1680,HELMET
helpaid,"help, aid",1897,HELP
hen,hen,1514,HEN
herdsman,herdsman,263,HERDSMAN
heron,heron,758,HERON
hiccough,hiccough,162,HICCOUGH
hideconceal,"hide, conceal",602,HIDE (CONCEAL)
high,high,1265,HIGH
hightide,hightide,613,HIGH TIDE
hinderprevent,"hinder, prevent",1550,PREVENT
hip,hip,1745,HIP
hire,hire,856,HIRE
hoe,hoe,284,HOE
hold,hold,1448,HOLD
hole,hole,1667,HOLE
hollowout,hollow out,46,HOLLOW OUT
honey,honey,942,HONEY
hook,hook,1071,HOOK
hope,hope,1092,HOPE
horn,horn,1393,HORN (ANATOMY)
horntrumpet,"horn, trumpet",2136,BRASS INSTRUMENT (HORN OR TRUMPET)
horseequine,horse (equine),615,HORSE
host,host,1545,HOST
hot,hot,1286,HOT
hour,hour,1353,HOUR
house,house,1252,HOUSE
howmany,how many?,822,HOW MANY
howmuch,how much?,531,HOW MUCH
how,how?,1239,HOW
howl,howl,526,HOWL
hundred,hundred,1634,HUNDRED
hunger,hunger,1864,HUNGER
hunt,hunt,1435,HUNT
husband,husband,1200,HUSBAND
hut,hut,1678,HUT
ice,ice,617,ICE
ideanotion,"idea, notion",1609,IDEA
if,if,1459,IF
imitate,imitate,117,IMITATE
immediately,immediately,1963,IMMEDIATELY
infantbaby,"infant, baby",1289,BABY
innocent,innocent,90,INNOCENT
insanecrazy,"insane, crazy",1899,MAD
insect,insect,620,INSECT
insidein,"inside, in",1606,INSIDE
intentionpurpose,"intention, purpose",1162,INTENTION
intestinesguts,"intestines, guts",1991,INTESTINES
intoxicated,intoxicated,1463,DRUNK
iron,iron,621,IRON
island,island,622,ISLAND
itch,itch,148,ITCH
jaw,jaw,798,JAW
jewel,jewel,1029,JEWEL
joinunite,"join, unite",1743,JOIN
joyfulgladhappy,"joyful, glad, happy",1495,HAPPY
judgenoun,judge (noun),861,JUDGE
judgevb,judge (vb),1818,ADJUDICATE
judgment,judgment,1067,JUDGMENT
jumpleap,"jump, leap",1829,JUMP
keepretain,"keep, retain",1477,KEEP
kettle,kettle,854,KETTLE
key,key,1472,KEY
kick,kick,1135,KICK
kid,kid,1972,KID
kidney,kidney,489,KIDNEY
kill,kill,1417,KILL
kingruler,"king, ruler",1508,KING
kiss,kiss,578,KISS
knead,knead,274,KNEAD
knee,knee,1371,KNEE
kneel,kneel,66,KNEEL
knife,knife,1352,KNIFE
knotnoun,knot (noun),760,KNOT
know,know,1410,KNOW (SOMETHING)
ladder,ladder,1464,LADDER
lagoon,lagoon,623,LAGOON
lake,lake,624,LAKE
lamb,lamb,820,LAMB
lame,lame,320,LAME
lamptorch,"lamp, torch",2131,TORCH OR LAMP
landvb,land (vb),1922,LAND (DESCEND)
language,language,1307,LANGUAGE
largebig,"large, big",1202,BIG
last,last,1529,LAST (FINAL)
lastendure,"last, endure",1186,LAST (ENDURE)
latchdoorbolt,"latch, door-bolt",1012,LATCH
late,late,477,LATE
laugh,laugh,1355,LAUGH
law,law,1062,LAW
lazy,lazy,1564,LAZY
leadnoun,lead (noun),627,LEAD (CHEMICAL ELEMENT)
leadvb,lead (vb),43,LEAD (GUIDE)
leaf,leaf,628,LEAF
learn,learn,504,LEARN
leather,leather,629,LEATHER
leftside,left (side),244,LEFT
leg,leg,1297,LEG
lend,lend,582,LEND
letpermit,"let, permit",1003,PERMIT
lick,lick,319,LICK
liedown,lie down,215,LIE DOWN
lietelllies,"lie, tell lies",601,LIE (MISLEAD)
lightincolor,light (in color),250,LIGHT (COLOR)
lightinweight,light (in weight),1052,LIGHT (WEIGHT)
lightnoun,light (noun),630,LIGHT (RADIATION)
lightkindleignite,"light, kindle, ignite",737,LIGHT (IGNITE)
lightning,lightning,1654,LIGHTNING
lightningasstriking,lightning (as striking),2007,BOLT (OF LIGHTNING)
likesimilar,"like, similar",1558,SIMILAR
limp,limp,366,LIMP
line,line,1048,LINE
linenflax,"linen, flax",916,LINEN
lion,lion,1386,LION
lip,lip,478,LIP
listen,listen,1608,LISTEN
littlequantityfew,"little (quantity), few",1242,FEW
livelivinglife,"live, living, life",1422,BE ALIVE
liver,liver,1224,LIVER
livestock,livestock,631,LIVESTOCK
lizard,lizard,632,LIZARD
locknoun,lock (noun),1596,LOCK
long,long,1203,LONG
longtimefora,long-time (for a),418,FOR A LONG TIME
looklookat,"look, look at",1819,LOOK
loom,loom,1787,LOOM
lose,lose,1660,LOSE
loud,loud,377,LOUD
louse,louse,1392,LOUSE
love,love,923,LOVE
low,low,721,LOW
lowtide,lowtide,1026,LOW TIDE
lunch,lunch,768,LUNCH
lung,lung,688,LUNG
mainland,mainland,166,MAINLAND
maizecorn,"maize, corn",506,MAIZE
male,male,1553,MALE
maleadj,male (adj),2261,MALE (OF PERSON)
manvswoman,man (vs. woman),1554,MAN
mare,mare,938,MARE
marketplace,market (place),633,MARKET
marriagewedding,"marriage, wedding",1259,WEDDING
marriedman,married man,424,MARRIED MAN
marriedwoman,married woman,426,MARRIED WOMAN
marry,marry,203,MARRY
mason,mason,877,MASON
mast,mast,184,MAST
master,master,383,MASTER
mat,mat,195,MAT
matchnoun,match (noun),1133,MATCH
mead,mead,941,MEAD
meala,meal (a),1526,MEAL
mealflour,"meal, flour",1594,FLOUR
measure,measure,1506,MEASURE
meat,meat,634,MEAT
medicinedrug,"medicine, drug",1372,MEDICINE
meet,meet,1831,MEET
meetinghouse,meeting house,335,MEETING HOUSE
menshouse,men's house,408,MEN'S HOUSE
merchant,merchant,1082,MERCHANT
middlecenter,"middle, center",1093,MIDDLE
milknoun,milk (noun),635,MILK
milkvb,milk (vb),93,DRAW MILK
mill,mill,636,MILL
mind,mind,1562,MIND
mirror,mirror,1171,MIRROR
misfortunebadluck,"misfortune, bad luck",56,BAD LUCK
misstarget,miss (target),161,MISS (A TARGET)
mistakeerror,"mistake, error",1293,MISTAKE
molartooth,molartooth,1049,MOLAR TOOTH
moldclayetc,mold (clay etc),289,MOLD
money,money,1559,MONEY
monkey,monkey,1350,MONKEY
month,month,1370,MONTH
moon,moon,1313,MOON
more,more,1992,MORE
morning,morning,1339,MORNING
mortar,mortar,224,MORTAR
mosquito,mosquito,1509,MOSQUITO
mother,mother,1216,MOTHER
mothersbrother,mother's brother,1984,MOTHER'S BROTHER
motherssister,mother's sister,171,MOTHER'S SISTER
motherinlawofaman,mother-in-law (of a man),2256,MOTHER-IN-LAW (OF WOMAN)
motherinlawofawoman,mother-in-law (of a woman),2257,MOTHER-IN-LAW (OF MAN)
mountainhill,"mountain, hill",2118,MOUNTAIN OR HILL
mouserat,"mouse, rat",2139,MUROID (MOUSE OR RAT)
mouth,mouth,674,MOUTH
move,move,765,MOVE
mowreap,"mow, reap",190,MOW
muchmany,"much, many",1198,MANY
mucusnasal,mucus (nasal),208,NASAL MUCUS (SNOT)
mud,mud,640,MUD
mule,mule,890,MULE
multitudecrowd,"multitude, crowd",2023,CROWD
mumble,mumble,128,MUMBLE
murder,murder,845,MURDER
mushroom,mushroom,641,MUSHROOM
mute,mute,1666,MUTE
nail,nail,502,NAIL (TOOL)
nakedbare,"naked, bare",590,NAKED
name,name,1405,NAME
napeofneck,nape of neck,1347,NAPE (OF NECK)
narrow,narrow,1267,NARROW
navel,navel,1838,NAVEL
nearadv,near (adv),1942,NEAR
neck,neck,1333,NECK
necklace,necklace,1961,NECKLACE
neednecessity,"need, necessity",643,NEED (NOUN)
needle,needle,1382,NEEDLE (FOR SEWING)
neighbor,neighbor,1332,NEIGHBOUR
nephew,nephew,1063,NEPHEW
nest,nest,539,NEST
netbag,netbag,293,NETBAG
nettle,nettle,33,NETTLE
never,never,1656,NEVER
new,new,1231,NEW
niece,niece,1642,NIECE
night,night,1233,NIGHT
nine,nine,1483,NINE
nippleteat,"nipple, teat",796,NIPPLE
nitlouseegg,nit (louse egg),267,NIT
nonegative,"no, negative",1269,NO
noblenobleman,"noble, nobleman",482,NOBLE
noonmidday,"noon, midday",12,MIDDAY
north,north,1598,NORTH
nose,nose,1221,NOSE
nostril,nostril,1178,NOSTRIL
now,now,1376,NOW
nut,nut,191,NUT
oak,oak,644,OAK
oar,oar,108,RUDDER
oath,oath,1712,OATH
oats,oats,60,OAT
obey,obey,1635,OBEY
obscure,obscure,1764,OBSCURE
ocean,ocean,645,OCEAN
offspringsonordaughter,offspring (son or daughter),1801,CHILD (DESCENDANT)
often,often,1852,OFTEN
oil,oil,1484,OIL (ORGANIC SUBSTANCE)
ointment,ointment,1926,OINTMENT
old,old,1229,OLD
oldman,old man,406,OLD MAN
oldwoman,old woman,907,OLD WOMAN
olderbrother,older brother,1759,OLDER BROTHER
oldersister,older sister,1758,OLDER SISTER
olive,olive,1154,OLIVE
one,one,1493,ONE
onesnativecountry,one's native country,89,NATIVE COUNTRY
open,open,1156,OPEN
opossum,opossum,309,OPOSSUM
or,or,1014,OR
ornamentadornment,"ornament, adornment",917,ORNAMENT
orphan,orphan,1149,ORPHAN
outrigger,outrigger,416,OUTRIGGER
outside,outside,762,OUTSIDE
oven,oven,1143,OVEN
owe,owe,369,OWE
owl,owl,735,OWL
ownpossess,"own, possess",684,OWN
ox,ox,1169,OX
paddlenoun,paddle (noun),234,PADDLE
pain,pain,1783,PAIN
paintnoun,paint (noun),647,PAINT (PIGMENTS)
paintvb,paint (vb),2001,PAINTING
pair,pair,1888,PAIR
palmofhand,palm of hand,1183,PALM OF HAND
palmtree,palm tree,1181,PALM TREE
pan,pan,31,PAN
paper,paper,648,PAPER
parents,parents,505,PARENTS
parrot,parrot,882,PARROT
partpiece,"part, piece",779,PART
pasture,pasture,649,PASTURE
path,path,2252,PATH
payvb,pay (vb),718,PAY
peace,peace,1338,PEACE
peel,peel,275,PEEL
pen,pen,794,PEN
penaltypunishment,"penalty, punishment",390,PUNISHMENT
penis,penis,1222,PENIS
peoplepopulace,people (populace),789,PEOPLE
pepper,pepper,1385,PEPPER
perjury,perjury,1792,PERJURY
personhumanbeing,"person, human being",683,PERSON
perspire,perspire,126,SWEAT (PERSPIRE)
pestle,pestle,225,PESTLE
physician,physician,597,PHYSICIAN
pickup,pick up,371,PICK UP
pig,pig,1337,PIG
pileup,pile up,1576,PILE UP
pillow,pillow,1044,PILLOW
pin,pin,64,PIN
pinch,pinch,378,PINCH
pine,pine,1740,PINE
pipe,pipe,1124,PIPE
pitcherjug,"pitcher, jug",270,JUG
pity,pity,1141,PITY
place,place,723,PLACE (POSITION)
plainfield,"plain, field",652,PLAIN
plaintiff,plaintiff,2020,PLAINTIFF
plantnoun,plant (noun),653,PLANT (VEGETATION)
plantvb,plant (vb),1486,PLANT (SOMETHING)
plate,plate,480,PLATE
play,play,1413,PLAY
plow,plow,1921,PLOUGH
pocket,pocket,1851,POCKET
poet,poet,,
pointed,pointed,372,POINTED
poison,poison,655,POISON
poncho,poncho,327,PONCHO
poor,poor,1674,POOR
porpoisedolphin,"porpoise, dolphin",1479,DOLPHIN
postpole,"post, pole",281,POST
potcookingvessel,"pot, cooking vessel",1462,POT
potato,potato,593,POTATO
potter,potter,359,POTTER
poundwithfist,pound with fist,354,POUND
pour,pour,1487,POUR
praise,praise,1687,PRAISE
pregnant,pregnant,1123,PREGNANT
preservelookafter,"preserve, look after",1997,PRESERVE
press,press,1913,PRESS
price,price,657,PRICE
prisonjail,"prison, jail",1281,PRISON
promise,promise,1675,PROMISE
prostitute,prostitute,1610,PROSTITUTE
proud,proud,174,PROUD
pubichair,pubic hair,36,PUBIC HAIR
pull,pull,1455,PULL
pumpkinsquash,"pumpkin, squash",864,PUMPKIN
pupil,pupil,753,PUPIL (STUDENT)
pursue,pursue,1047,PURSUE
pus,pus,1808,PUS
pushshove,"push, shove",1452,PUSH
put,put,998,PUT
putonclothes,put on (clothes),158,PUT ON
queen,queen,1306,QUEEN
quietsilence,"quiet, silence",1314,QUIET
rabbit,rabbit,1136,RABBIT
raft,raft,1664,RAFT
rafter,rafter,829,RAFTER
rainnoun,rain (noun),658,RAIN (PRECIPITATION)
rainbow,rainbow,1733,RAINBOW
raiselift,"raise, lift",501,LIFT
rake,rake,338,RAKE
ram,ram,1344,RAM
rape,rape,953,RAPE
rattle,rattle,300,RATTLE
raw,raw,1959,RAW
razor,razor,151,RAZOR
reacharrive,"reach, arrive",1387,ARRIVE
read,read,724,READ
ready,ready,790,READY
rebukescold,"rebuke, scold",299,SCOLD
red,red,156,RED
reef,reef,660,REEF
refuse,refuse,49,REFUSE
regretbesorry,"regret, be sorry",1875,REGRET
relativeskinsmen,"relatives, kinsmen",1644,RELATIVES
releaseletgo,"release, let go",1095,LET GO OR SET FREE
remainstay,"remain, stay",987,REMAIN
remainsleftovers,"remains, left overs",838,REMAINS
remember,remember,707,REMEMBER
rest,rest,168,REST
retarddelay,"retard, delay",425,BE LATE
retreat,retreat,421,RETREAT
rib,rib,801,RIB
rice,rice,926,RICE
rich,rich,712,RICH
ride,ride,367,RIDE
ridgepole,ridgepole,280,RIDGEPOLE
rightside,right (side),1019,RIGHT
rightcorrect,"right, correct",1725,CORRECT (RIGHT)
ringforfinger,ring (for finger),1374,RING
ripe,ripe,178,RIPE
rise,rise,568,RISE (MOVE UPWARDS)
riverstreambrook,"river, stream, brook",666,RIVER
road,road,667,ROAD
roastfry,"roast, fry",2146,ROAST OR FRY
roll,roll,827,ROLL
roof,roof,769,ROOF
room,room,1450,ROOM
root,root,670,ROOT
ropecord,"rope, cord",1218,ROPE
rotten,rotten,1728,ROTTEN
rough,rough,1923,ROUGH
roughofsea,rough (of sea),259,ROUGH (OF SEA)
round,round,1395,ROUND
rowvb,row (vb),1849,ROW
rubwipe,"rub, wipe",1449,RUB
rudder,rudder,108,RUDDER
rug,rug,292,RUG
rulegovern,"rule, govern",1846,RULE
run,run,1519,RUN
rye,rye,23,RYE
sailnoun,sail (noun),786,SAILCLOTH
sailvb,sail (vb),787,SAIL
salt,salt,1274,SALT
salty,salty,1091,SALTY
sand,sand,671,SAND
sandflymidgegnat,"sandfly (midge), gnat",95,SANDFLY
sap,sap,345,SAP
saucer,saucer,271,SAUCER
sausage,sausage,1874,SAUSAGE
saverescue,"save, rescue",2008,RESCUE
saw,saw,1948,SAW
say,say,1458,SAY
scar,scar,497,SCAR
school,school,673,SCHOOL
scissorsshears,"scissors, shears",356,SHEARS
scorpion,scorpion,1538,SCORPION
scrape,scrape,1767,SCRAPE
sculptor,sculptor,914,SCULPTOR
sea,sea,1474,SEA
seagull,seagull,950,SEAGULL
season,season,691,SEASON
second,second,1384,SECOND
secret,secret,1121,SECRET
see,see,1409,SEE
seed,seed,714,SEED
seeklookfor,"seek, look for",1468,LOOK FOR
seem,seem,1521,SEEM
seizegrasp,"seize, grasp",2021,GRASP
sell,sell,1571,SELL
send,send,1127,SEND
separate,separate,1359,SEPARATE
servant,servant,255,SERVANT
seven,seven,1704,SEVEN
sew,sew,1457,SEW
shadeshadow,"shade, shadow",1388,SHADE
shake,shake,1909,SHAKE
shallow,shallow,193,SHALLOW
shamenoun,shame (noun),1776,SHAME
sharedistribute,share (distribute),884,SHARE
shark,shark,1110,SHARK
sharp,sharp,1396,SHARP
sheep,sheep,1331,SHEEP
shelf,shelf,745,SHELF
shell,shell,598,SHELL
shield,shield,1064,SHIELD
shine,shine,708,SHINE
ship,ship,740,SHIP
shirt,shirt,1622,SHIRT
shiver,shiver,52,SHIVER
shoe,shoe,1381,SHOE
shoemakercobbler,"shoemaker, cobbler",875,SHOEMAKER
shoot,shoot,1172,SHOOT
shore,shore,113,SHORE
short,short,1645,SHORT
shoulder,shoulder,1482,SHOULDER
shoulderblade,shoulderblade,172,SHOULDERBLADE
shoutcryout,"shout, cry out",715,SHOUT
shovel,shovel,1901,SHOVEL
show,show,1039,SHOW
shriekscreech,"shriek, screech",298,SHRIEK
shutclose,"shut, close",1046,SHUT
sibling,sibling,1640,SIBLING
sicksickness,"sick, sickness",1847,SICK
sicklescythe,"sickle, scythe",2132,SICKLE OR SCYTHE
side,side,682,SIDE
sideofheadtemple,"side of head, temple",1604,TEMPLES
sievestrain,"sieve, strain",86,SIEVE
silentbe,silent (be),48,BE SILENT
silk,silk,1641,SILK
silver,silver,759,SILVER
sing,sing,1261,SING
sink,sink,1088,SINK (DESCEND)
sister,sister,1263,SISTER
sit,sit,1416,SIT
six,six,1703,SIX
skinhide,"skin, hide",763,SKIN
skirt,skirt,1600,SKIRT
skull,skull,1605,SKULL
sky,sky,1732,SKY
slave,slave,812,SLAVE
sleep,sleep,1585,SLEEP
slideslip,"slide, slip",1324,SLIP
sling,sling,387,SLING
slow,slow,701,SLOW
smalllittle,"small, little",1246,SMALL
smellvbintrans,smell (vb intrans),1587,SMELL (STINK)
smellvbtrans,smell (vb trans),1586,SMELL (PERCEIVE)
smile,smile,1451,SMILE
smithblacksmith,"smith, blacksmith",1001,BLACKSMITH
smokenoun,smoke (noun),778,SMOKE (EXHAUST)
smoketobacco,smoke (tobacco),1689,SMOKE (INHALE)
smooth,smooth,1234,SMOOTH
snail,snail,1543,SNAIL
snake,snake,730,SNAKE
sneeze,sneeze,1621,SNEEZE
sniff,sniff,375,SNIFF
snore,snore,1983,SNORE
snownoun,snow (noun),784,SNOW
soap,soap,788,SOAP
soft,soft,1856,SOFT
soldier,soldier,1941,SOLDIER
some,some,1241,SOME
sometimes,sometimes,1544,SOMETIMES
son,son,1620,SON
soninlawofaman,son-in-law (of a man),2267,SON-IN-LAW (OF MAN)
soninlawofawoman,son-in-law (of a woman),2266,SON-IN-LAW (OF WOMAN)
soon,soon,703,SOON
soulspirit,"soul, spirit",53,SPIRIT
soundnoise,"sound, noise",1811,SOUND OR NOISE
soupbroth,"soup, broth",1547,SOUP
south,south,1595,SOUTH
sow,sow,1351,SOW (FEMALE PIG)
spade,spade,1176,SPADE
spanfathom,"span, fathom",81,FATHOM
speaktalk,"speak, talk",1623,SPEAK
spear,spear,945,SPEAR
speechmakea,speech (make a),1115,SPEECH
sphereball,"sphere, ball",1845,BALL
spider,spider,843,SPIDER
spiderweb,spider web,1065,SPIDER WEB
spin,spin,121,SPIN
spindle,spindle,277,SPINDLE
spine,spine,805,SPINE
spit,spit,1440,SPIT
splash,splash,365,SPLASH
spleen,spleen,1744,SPLEEN
split,split,1437,SPLIT
spoon,spoon,1378,SPOON
spreadout,spread out,38,SPREAD OUT
spring,spring,1537,SPRINGTIME
springwell,"spring, well",2144,SPRING OR WELL
square,square,850,SQUARE
squeezewring,"squeeze, wring",1414,SQUEEZE
stab,stab,1434,STAB
stablestall,"stable, stall",851,STABLE
staffwalkingstick,"staff, walking stick",1296,WALKING STICK
stallion,stallion,936,STALLION
stand,stand,1442,STAND
star,star,1430,STAR
statue,statue,1002,STATUE
steal,steal,713,STEAL
stepdaughter,stepdaughter,1058,STEPDAUGHTER
stepfather,stepfather,237,STEPFATHER
stepmother,stepmother,236,STEPMOTHER
stepson,stepson,1059,STEPSON
stingray,stingray,1910,STINGRAY
stinkingbadsmelling,"stinking, bad smelling",42,STINKING
stirmix,"stir, mix",2017,MIX
stockingsock,"stocking, sock",329,STOCKING
stomach,stomach,819,STOMACH
stonerock,"stone, rock",2125,STONE OR ROCK
storeshop,"store, shop",752,STORE
storm,storm,858,STORM
stove,stove,859,STOVE
straight,straight,1404,STRAIGHT
stranger,stranger,791,STRANGER
stretch,stretch,214,STRETCH
strifequarrel,"strife, quarrel",1848,QUARREL
strikehitbeat,"strike (hit, beat)",2133,STRIKE OR BEAT
strongmightypowerful,"strong, mighty, powerful",785,STRONG
study,study,1929,STUDY
stutterstammer,"stutter, stammer",1866,STUTTER
suck,suck,1421,SUCK
sugar,sugar,862,SUGAR
sugarcane,sugar cane,146,SUGAR CANE
summer,summer,1342,SUMMER
sun,sun,1343,SUN
supper,supper,1833,DINNER (SUPPER)
surecertain,"sure, certain",509,CERTAIN
surprisedastonished,"surprised, astonished",1572,SURPRISED
surrender,surrender,1696,SURRENDER
suspect,suspect,1841,SUSPECT
swallow,swallow,897,SWALLOW
swamp,swamp,1145,SWAMP
swear,swear,1939,SWEAR
sweep,sweep,230,SWEEP
sweet,sweet,717,SWEET
sweetpotato,sweet potato,159,SWEET POTATO
swelling,swelling,1903,SWELLING
swiftfastquick,"swift, fast, quick",1631,FAST
swim,swim,1439,SWIM
sword,sword,1535,SWORD
table,table,1775,TABLE
tail,tail,1220,TAIL
tailor,tailor,881,TAILOR
take,take,1749,TAKE
tall,tall,711,TALL
tapiocamanioccassava,"tapioca, manioc, cassava",925,CASSAVA
taste,taste,21,TASTE (SOMETHING)
tattoo,tattoo,68,TATTOO
taxtribute,"tax, tribute",873,TAX
teach,teach,709,TEACH
teacher,teacher,1038,TEACHER
tear,tear,1735,TEAR (SHRED)
tearnoun,tear (noun),1651,TEAR (OF EYE)
tellstory,tell story,1711,TELL
ten,ten,1515,TEN
tent,tent,1316,TENT
testicle,testicle,797,TESTICLES
thatch,thatch,279,THATCH
they,they,817,THEY
thickindimension,thick (in dimension),1244,THICK
thief,thief,1160,THIEF
thigh,thigh,800,THIGH
thinindimension,thin (in dimension),2249,THIN (OF SHAPE OF OBJECT)
thing,thing,738,THING
thinkbeoftheopinion,think (= be of the opinion),1513,THINK (BELIEVE)
thinkreflect,think (= reflect),1415,THINK (REFLECT)
third,third,1859,THIRD
thirst,thirst,848,THIRST
thousand,thousand,1843,THOUSAND
thread,thread,1161,THREAD
threaten,threaten,1192,THREATEN
three,three,492,THREE
threetimes,three times,417,THREE TIMES
thresh,thresh,285,THRESH
threshingfloor,threshing-floor,223,THRESHING-FLOOR
throat,throat,1346,THROAT
throw,throw,1456,THROW
thumb,thumb,1781,THUMB
thunder,thunder,1150,THUNDER
tide,tide,891,TIDE
tiebind,"tie, bind",1917,TIE
time,time,892,TIME
tintinplate,"tin, tinplate",358,TINPLATE
tiredweary,"tired, weary",1757,TIRED
tobacco,tobacco,974,TOBACCO
today,today,1283,TODAY
toe,toe,1389,TOE
tomorrow,tomorrow,1329,TOMORROW
tongs,tongs,272,TONGS
tongue,tongue,1205,TONGUE
tool,tool,1361,TOOL
tooth,tooth,1380,TOOTH
top,top,1753,TOP
touch,touch,1892,TOUCH
towel,towel,1021,TOWEL
tower,tower,1671,TOWER
tradebarter,"trade, barter",2135,TRADE OR BARTER
trapnoun,trap (noun),1075,TRAP (PITFALL)
trapvb,trap (vb),1170,TRAP (CATCH)
tree,tree,906,TREE
treestump,tree stump,241,TREE STUMP
treetrunk,tree trunk,344,TREE TRUNK
tribeclan,"tribe, clan",302,CLAN
trough,trough,205,TROUGH
trousers,trousers,809,TROUSERS
true,true,1657,TRUE
tryattempt,"try, attempt",1812,TRY
turnaround,turn around,1445,TURN (SOMETHING)
turnover,turn over,1588,TURN
turtle,turtle,112,TURTLE
twelve,twelve,1707,TWELVE
twenty,twenty,1710,TWENTY
twins,twins,1005,TWINS
twist,twist,430,TWIST
two,two,1498,TWO
twotimes,two times,1546,TWICE
udder,udder,154,UDDER
ugly,ugly,1548,UGLY
uncle,uncle,1327,UNCLE
under,under,1485,BELOW OR UNDER
understand,understand,1536,UNDERSTAND
untie,untie,352,UNTIE
upabove,"up, above",1591,UP
urinate,urinate,592,PISS
valley,valley,921,VALLEY
vegetables,vegetables,924,VEGETABLES
veil,veil,1151,VEIL
veinartery,"vein, artery",525,BLOOD VESSEL
victory,victory,783,VICTORY
village,village,930,VILLAGE
vine,vine,343,VINE
voice,voice,1363,VOICE
vomit,vomit,1278,VOMIT
vulture,vulture,1185,VULTURE
wages,wages,1122,WAGES
waist,waist,1681,WAIST
wakeup,wake up,1602,WAKE UP
walk,walk,1443,WALK
wall,wall,933,WALL (OF HOUSE)
warbattle,"war, battle",579,BATTLE
warm,warm,1232,WARM
wash,wash,1453,WASH
wasp,wasp,1517,WASP
water,water,948,WATER
waterfall,waterfall,943,WATERFALL
wave,wave,978,WAVE
waymanner,"way, manner",488,MANNER
we,we,1212,WE
weexclusive,we (exclusive),1130,WE (EXCLUSIVE)
weinclusive,we (inclusive),1131,WE (INCLUSIVE)
weak,weak,1601,WEAK
weaponsarms,"weapons, arms",951,WEAPONS
weather,weather,952,WEATHER
weave,weave,133,WEAVE
weaveplait,"weave, plait",1729,PLAIT OR BRAID OR WEAVE
week,week,1469,WEEK
weigh,weigh,1098,WEIGH
wellhealth,"well, health",1364,HEALTHY
west,west,1817,WEST
wetdamp,"wet, damp",1726,WET
whale,whale,957,WHALE
what,what?,1236,WHAT
wheat,wheat,1077,WHEAT
wheel,wheel,710,WHEEL
when,when?,1238,WHEN
where,where?,1237,WHERE
which,which?,727,WHICH
whirlpool,whirlpool,1982,WHIRLPOOL
whisper,whisper,55,WHISPER
whistle,whistle,1025,WHISTLE
white,white,1335,WHITE
who,who?,1235,WHO
why,why?,1270,WHY
widebroad,"wide, broad",1243,WIDE
widow,widow,1756,WIDOW
widower,widower,1981,WIDOWER
wife,wife,1199,WIFE
wind,wind,960,WIND
windwrap,"wind, wrap",1113,WRAP
window,window,1375,WINDOW
wine,wine,1524,WINE
wing,wing,1257,WING
winter,winter,1471,WINTER
wise,wise,698,WISE
witness,witness,1144,WITNESS
wolf,wolf,522,WOLF
woman,woman,962,WOMAN
womansdress,woman's dress,474,DRESS
womb,womb,804,WOMB
wood,wood,1803,WOOD
woodsforest,"woods, forest",420,FOREST
wool,wool,964,WOOL
word,word,1599,WORD
work,work,984,WORK (LABOUR)
world,world,965,WORLD
worm,worm,1219,WORM
woundsore,"wound, sore",1109,WOUND
wrinkled,wrinkled,380,WRINKLED
wrist,wrist,799,WRIST
write,write,1672,WRITE
wrong,wrong,1390,WRONG
yam,yam,410,YAM
yardcourt,"yard, court",736,YARD
yawngape,"yawn, gape",1028,YAWN
year,year,1226,YEAR
yellow,yellow,1424,YELLOW
yesaffirmative,"yes, affirmative",1268,YES
yesterday,yesterday,1174,YESTERDAY
yoke,yoke,14,YOKE
youplural,you (plural),1213,YOU
yousingular,you (singular),1215,THOU
young,young,1207,YOUNG
youngmanadolescent,young man (adolescent),76,YOUNG MAN
youngwomanadolescent,young woman (adolescent),77,YOUNG WOMAN
youngerbrother,younger brother,1760,YOUNGER BROTHER
youngersister,younger sister,1761,YOUNGER SISTER
zeronothing,"zero, nothing",1294,ZERO
